<?xml version="1.0" encoding="UTF-8"?>
<datasources xmlns="http://www.jboss.org/ironjacamar/schema">
	<datasource jta="false" jndi-name="java:/CRCBootStrapDS"
		pool-name="CRCBootStrapDS" enabled="true" use-ccm="false">
		<connection-url>jdbc:oracle:thin:@localhost:1521:xe</connection-url>
		<driver-class>oracle.jdbc.OracleDriver</driver-class>
		<driver>ojdbc8.jar</driver>
		<security>
			<user-name>i2b2hive</user-name>
			<password>demouser</password>
		</security>
		<validation>
			<valid-connection-checker class-name="org.jboss.resource.adapter.jdbc.vendor.OracleValidConnectionChecker"/>
			<validate-on-match>false</validate-on-match>
			<background-validation>true</background-validation>
			<background-validation-millis>60000</background-validation-millis>
			<use-fast-fail>true</use-fast-fail>
			<check-valid-connection-sql>SELECT 1 FROM DUAL</check-valid-connection-sql>
		</validation> 
		<statement>
			<share-prepared-statements>false</share-prepared-statements>
		</statement>
	</datasource>
	<datasource jta="false" jndi-name="java:/QueryToolDemoDS"
		pool-name="QueryToolDemoDS" enabled="true" use-ccm="false">
		<connection-url>jdbc:oracle:thin:@localhost:1521:XE</connection-url>
		<driver-class>oracle.jdbc.OracleDriver</driver-class>
		<driver>ojdbc8.jar</driver>
		<security>
			<user-name>i2b2demodata</user-name>
			<password>demouser</password>
		</security>
		<validation>
			<valid-connection-checker class-name="org.jboss.resource.adapter.jdbc.vendor.OracleValidConnectionChecker"/>
			<validate-on-match>false</validate-on-match>
			<background-validation>true</background-validation>
			<background-validation-millis>60000</background-validation-millis>
			<use-fast-fail>true</use-fast-fail>
			<check-valid-connection-sql>SELECT 1 FROM DUAL</check-valid-connection-sql>
		</validation> 
		<statement>
			<share-prepared-statements>false</share-prepared-statements>
		</statement>
	</datasource>

<!-- 


	<datasource jta="false" jndi-name="java:/QueryToolDemoDS"
		pool-name="QueryToolDemoDS" enabled="true" use-ccm="false">
		<connection-url>jdbc:postgresql://localhost:5432/i2b2</connection-url>
		<driver-class>org.postgresql.Driver</driver-class>
		<driver>postgresql-42.1.4.jar</driver>
		<security>
			<user-name>i2b2demodata</user-name>
			<password>demouser</password>
		</security>
		<validation>
			<valid-connection-checker class-name="org.jboss.jca.adapters.jdbc.extensions.postgres.PostgreSQLValidConnectionChecker"/>		
			<validate-on-match>false</validate-on-match>
			<background-validation>true</background-validation>
			<background-validation-millis>60000</background-validation-millis>
			<use-fast-fail>true</use-fast-fail>
    		<check-valid-connection-sql>SELECT 1</check-valid-connection-sql>
		</validation>
		<statement>
			<share-prepared-statements>false</share-prepared-statements>
		</statement>
	</datasource>



	<datasource jta="false" jndi-name="java:/QueryToolDemoDS"
		pool-name="QueryToolDemoDS" enabled="true" use-ccm="false">
		<connection-url>jdbc:sqlserver://localhost:1433</connection-url>
		<driver-class>com.microsoft.sqlserver.jdbc.SQLServerDriver</driver-class>
		<driver>mssql-jdbc-6.2.2.jre8.jar</driver>
		<security>
			<user-name>i2b2demodata</user-name>
			<password>demouser</password>
		</security>
		<validation>
			<valid-connection-checker class-name="org.jboss.jca.adapters.jdbc.extensions.mssql.MSSQLValidConnectionChecker"/>
			<validate-on-match>false</validate-on-match>
			<background-validation>true</background-validation>
			<background-validation-millis>60000</background-validation-millis>
			<use-fast-fail>true</use-fast-fail>
			<check-valid-connection-sql>SELECT 1</check-valid-connection-sql>
		</validation>
		<statement>
			<share-prepared-statements>false</share-prepared-statements>
		</statement>
	</datasource>

 -->

</datasources>
