<?xml version="1.0" encoding="UTF-8"?>

<datasources xmlns="http://www.jboss.org/ironjacamar/schema">

    <!-- OntologyBootStrapDS   -->

	<datasource jta="false" jndi-name="java:/OntologyBootStrapDS" 
		pool-name="OntologyBootStrapDS" enabled="true" use-ccm="false">
		<connection-url>jdbc:postgresql://#######:####/i2b2?searchpath=i2b2hive</connection-url>
		<driver-class>org.postgresql.Driver</driver-class>
		<driver>postgresql-9.2-1002.jdbc4.jar</driver>
		<security>
			<user-name>i2b2hive</user-name>
			<password>i2b2hive</password>
		</security>
		<validation>
			<validate-on-match>false</validate-on-match>
			<background-validation>false</background-validation>
		</validation>
		<statement>
			<share-prepared-statements>false</share-prepared-statements>
		</statement>
	</datasource>
	    
	<!--WIZARDINSERT-->
    <!--BOSTONSTART-->
    
    <!-- Ontology DS for Demo -->
	
	<datasource jta="false" jndi-name="java:/OntologyDemoDS"
		pool-name="OntologyDemoDS" enabled="true" use-ccm="false">
		<connection-url>jdbc:postgresql://######:####/i2b2?searchpath=i2b2metadata</connection-url>
		<driver-class>org.postgresql.Driver</driver-class>
		<driver>postgresql-9.2-1002.jdbc4.jar</driver>
		<security>
			<user-name>i2b2metadata</user-name>
			<password>i2b2metadata</password>
		</security>
		<validation>
			<validate-on-match>false</validate-on-match>
			<background-validation>false</background-validation>
		</validation>
		<statement>
			<share-prepared-statements>false</share-prepared-statements>
		</statement>
	</datasource>
	
  
    <!--BOSTONEND-->
    
    
    
    
    
</datasources>
