<?xml version="1.0" encoding="UTF-8"?>
<!--
$Id: data_build.xml,v 1.1 2010/04/05 13:56:39 lcp5 Exp $
-->
<project name="Hive data" basedir=".">

	<property environment="env" />

	<property file="./db.properties" />

	<!-- =================================================================== -->
	<!-- 								INIT 								 -->
	<!-- =================================================================== -->
	<target name="init"  description="Prepare for build">
		<path id="classpath">
			<pathelement location="../../ojdbc8.jar" />
			<pathelement location="../../mssql-jdbc-6.2.2.jre8.jar"/>
			<pathelement location="../../postgresql-42.1.4.jar"/>
		</path>
	</target>

	

	<!-- =================================================================== -->
	<!-- 			DATABASE SETUP TARGETS						 			 -->
	<!-- =================================================================== -->

	<target name="create_hivedata_tables_release_1-7" depends="init">
		<sql driver="${db.driver}" url="${db.url}" userid="${db.username}" password="${db.password}" classpathref="classpath" onerror="continue" print="true">
			<transaction src="./scripts/create_${db.type}_i2b2hive_tables.sql" />
		</sql>
	</target>
	
	<target name="db_hivedata_load_data" depends="init">
		<sql driver="${db.driver}" url="${db.url}" userid="${db.username}" password="${db.password}" classpathref="classpath" onerror="continue" print="true">
			<transaction src="./scripts/work_db_lookup_${db.type}_insert_data.sql" />	
			<transaction src="./scripts/ont_db_lookup_${db.type}_insert_data.sql" />
			<transaction src="./scripts/crc_db_lookup_${db.type}_insert_data.sql" />
			<transaction src="./scripts/im_db_lookup_${db.type}_insert_data.sql" />
		</sql>
	</target>

</project>


