<?xml version="1.0" encoding="UTF-8"?>
<!--
$Id: data_build.xml,v 1.2 2010/04/05 13:52:11 lcp5 Exp $
-->
<project name="PM data" basedir=".">

	<property environment="env" />

	<property file="./db.properties" />

	<!-- =================================================================== -->
	<!-- 								INIT 								 -->
	<!-- =================================================================== -->
	<target name="init"  description="Prepare for build">
		<path id="classpath">
			<pathelement location="../../ojdbc8.jar" />
			<pathelement location="../../mssql-jdbc-6.2.2.jre8.jar"/>
			<pathelement location="../../postgresql-42.1.4.jar"/>
		</path>
	</target>

	

	<!-- =================================================================== -->
	<!-- 			DATABASE SETUP TARGETS						 			 -->
	<!-- =================================================================== -->

	<target name="create_pmdata_tables_release_1-7" depends="init">
		<sql driver="${db.driver}" url="${db.url}" userid="${db.username}" password="${db.password}" classpathref="classpath" onerror="continue">
			<transaction src="./scripts/create_${db.type}_i2b2pm_tables.sql" />
		</sql>
	</target>
	
	<target name="create_triggers_release_1-7" depends="init">
		<sql delimiter="/" driver="${db.driver}" url="${db.url}" 
			userid="${db.username}" password="${db.password}" 
			classpathref="classpath" onerror="continue" 
			print="true"
			delimitertype="row"
			keepformat="true"
			>
			<transaction src="./scripts/create_${db.type}_triggers.sql" />
  		</sql>
	</target>

	<target name="db_pmdata_load_data" depends="init">
		<sql driver="${db.driver}" url="${db.url}" userid="${db.username}" password="${db.password}" classpathref="classpath" onerror="continue">
			<transaction src="./scripts/pm_access_insert_data.sql" />	
		</sql>
	</target>

</project>


