<?xml version="1.0" encoding="UTF-8"?>

<datasources xmlns="http://www.jboss.org/ironjacamar/schema">  
    <!-- PMBootStrapDS  -->
	<datasource jta="false" jndi-name="java:/PMBootStrapDS" 
		pool-name="PMBootStrapDS" enabled="true" use-ccm="false">
		<connection-url>jdbc:postgresql://DB_SERVER:DB_PORT/i2b2?searchpath=I2B2PMSCHEMA</connection-url>
		<driver-class>org.postgresql.Driver</driver-class>
		<driver>postgresql-9.2-1002.jdbc4.jar</driver>
		<security>
			<user-name>I2B2PMSCHEMA</user-name>
			<password>I2B2PMPASS</password>
		</security>
		<validation>
			<validate-on-match>false</validate-on-match>
			<background-validation>false</background-validation>
		</validation>
		<statement>
			<share-prepared-statements>false</share-prepared-statements>
		</statement>
	</datasource>
</datasources>


