<?xml version="1.0" encoding="UTF-8"?>
<datasources xmlns="http://www.jboss.org/ironjacamar/schema">
	<datasource jta="false" jndi-name="java:/WorkplaceBootStrapDS"
		pool-name="WorkplaceBootStrapDS" enabled="true" use-ccm="false">
		<connection-url>I2B2_DB_HIVE_JDBC_URL</connection-url>
		<driver-class>com.microsoft.sqlserver.jdbc.SQLServerDriver</driver-class>
		<driver>sqljdbc4.jar</driver>
		<security>
			<user-name>I2B2_DB_HIVE_USER</user-name>
			<password>I2B2_DB_HIVE_PASSWORD</password>
		</security>
		<validation>
			<validate-on-match>false</validate-on-match>
			<background-validation>false</background-validation>
		</validation>
		<statement>
			<share-prepared-statements>false</share-prepared-statements>
		</statement>
	</datasource>


	<datasource jta="false" jndi-name="java:/WorkplaceDemoDS"
		pool-name="WorkplaceDemoDS" enabled="true" use-ccm="false">
		<connection-url>I2B2_DB_WORK_JDBC_URL</connection-url>
		<driver-class>com.microsoft.sqlserver.jdbc.SQLServerDriver</driver-class>
		<driver>sqljdbc4.jar</driver>
		<security>
			<user-name>I2B2_DB_WORK_USER</user-name>
			<password>I2B2_DB_WORK_PASSWORD</password>
		</security>
		<validation>
			<validate-on-match>false</validate-on-match>
			<background-validation>false</background-validation>
		</validation>
		<statement>
			<share-prepared-statements>false</share-prepared-statements>
		</statement>
	</datasource>

</datasources>
